BOOT_BUTTON,23.97,-3.64,180.00,BUTTON_CUSYOMV11,MYBUTTON
C1,151.34,-107.97,270.00,4.7uF,ESP32_WROVER_EAGLE-LTSPICE_C0402
C10,67.61,-3.87,270.00,100nF,ESP32_WROVER_EAGLE-LTSPICE_C0402
C10_SUPERCAP,93.42,-65.07,270.00,CPH3225A,CAPCP3225X100N
C1_BAT,122.90,-75.26,90.00,4.7uF,ESP32_WROVER_EAGLE-LTSPICE_C0402
C1_BAT1,104.67,-83.55,180.00,4.7uF,ESP32_WROVER_EAGLE-LTSPICE_C0402
C1_BAT2,113.97,-71.56,90.00,4.7uF,ESP32_WROVER_EAGLE-LTSPICE_C0402
C2,152.90,-108.00,90.00,100nF,ESP32_WROVER_EAGLE-LTSPICE_C0402
C2_BAT,98.45,-77.05,90.00,4.7uF,ESP32_WROVER_EAGLE-LTSPICE_C0402
C3,113.89,-79.20,90.00,"100uF TANT",RCL_CT3528
C4,85.40,-74.56,90.00,4.7uF/25V,ESP32_WROVER_EAGLE-LTSPICE_C0402
C4_USB,147.36,-64.38,90.00,100nF,ESP32_WROVER_EAGLE-LTSPICE_C0402
C5,52.59,-3.68,90.00,1uF,ESP32_WROVER_EAGLE-LTSPICE_C0402
C5_USB,153.77,-57.20,90.00,4.7uF,ESP32_WROVER_EAGLE-LTSPICE_C0402
C6,27.55,-3.36,90.00,100nF,ESP32_WROVER_EAGLE-LTSPICE_C0402
C7,73.76,-78.37,180.00,10uF,ESP32_WROVER_EAGLE-LTSPICE_C0402
C8,84.50,-67.68,0.00,100nF,ESP32_WROVER_EAGLE-LTSPICE_C0402
C9,11.62,-11.84,90.00,100nF,ESP32_WROVER_EAGLE-LTSPICE_C0402
CHANGE_BUTTON,63.97,-3.64,180.00,BUTTON_CUSYOMV11,MYBUTTON
CHG_LED,104.22,-65.67,90.00,,ADAFRUIT_CHIP-LED0603
C_DELAY,52.36,-9.87,90.00,100nF,ESP32_WROVER_EAGLE-LTSPICE_C0402
D1,152.40,-64.44,0.00,USBLC6-2SC6Y,SOT95P280X145-6N
D10,33.04,-90.59,90.00,PGB1010603MR1,DIOC1608X36N
D11,27.63,-88.88,270.00,PGB1010603MR1,DIOC1608X36N
D12,22.44,-88.83,90.00,PGB1010603MR1,DIOC1608X36N
D2,118.80,-79.40,90.00,ESP32_WROVER_AVX---SD0805S020S1R0_AVX_SD0805S020S1R0_0_0,ESP32_WROVER_AVX---SD0805S020S1R0_AVX_SD0805S020S1R0_0
D3,81.26,-74.44,180.00,MBR0530,SOD3716X135N
D4,74.34,-69.64,0.00,MBR0530,SOD3716X135N
D5,81.16,-77.90,180.00,MBR0530,SOD3716X135N
D6,64.94,-80.31,180.00,PGB1010603MR1,DIOC1608X36N
D7,84.90,-53.24,0.00,ESP32_WROVER_AVX---SD0805S020S1R0_AVX_SD0805S020S1R0_0_0,ESP32_WROVER_AVX---SD0805S020S1R0_AVX_SD0805S020S1R0_0
D8,18.84,-12.65,180.00,PGB1010603MR1,DIOC1608X36N
D9,39.93,-64.74,90.00,PGB1010603MR1,DIOC1608X36N
EDP_C1,78.47,-91.39,90.00,1uF/50V,ESP32_WROVER_EAGLE-LTSPICE_C0402
EDP_C10,66.43,-91.65,90.00,0.1uF/50V,ESP32_WROVER_EAGLE-LTSPICE_C0402
EDP_C11,62.42,-84.56,90.00,0.1uF/50V,ESP32_WROVER_EAGLE-LTSPICE_C0402
EDP_C12,63.73,-84.56,90.00,0.1uF/50V,ESP32_WROVER_EAGLE-LTSPICE_C0402
EDP_C2,77.21,-91.29,90.00,1uF/50V,ESP32_WROVER_EAGLE-LTSPICE_C0402
EDP_C5,75.89,-91.28,90.00,0.1uF/50V,ESP32_WROVER_EAGLE-LTSPICE_C0402
EDP_C6,72.10,-91.48,90.00,0.1uF/50V,ESP32_WROVER_EAGLE-LTSPICE_C0402
EDP_C7,70.79,-91.47,90.00,0.1uF/50V,ESP32_WROVER_EAGLE-LTSPICE_C0402
EDP_C8,69.22,-91.57,90.00,0.1uF/50V,ESP32_WROVER_EAGLE-LTSPICE_C0402
EDP_C9,67.83,-91.57,90.00,0.1uF/50V,ESP32_WROVER_EAGLE-LTSPICE_C0402
IC1,108.29,-78.87,0.00,XC6220A331MR-G,SOT95P280X120-5N
IC2,48.64,-9.70,180.00,BD5229G-TR,SOT95P280X125-5N
J1,165.86,-56.96,90.00,SAMACSYS_PARTS_USB4110-GF-A,SAMACSYS_PARTS_USB4110GFA
J2,9.57,-22.71,270.00,112A-TAAR-R03_ATTEND,112ATAARR03ATTEND
J3,166.27,-91.96,90.00,QWIIC_RIGHT_ANGLE,JST04_1MM_RA
J4,72.71,-98.46,0.00,FH34SRJ-24S-0.5SH_99_,FH34SRJ24S05SH99
L1,73.96,-74.06,270.00,744043680IND_4828-WE-TPC_WRE,IND_4828-WE-TPC_WRE
PFMF.050.1,152.57,-75.11,180.00,ESP32C6_VARISTORCN1812,ESP32C6_VARISTOR_CT/CN1812
Q1,68.48,-75.34,270.00,20V/4.2A/52mΩ/1.4W,ESP32_WROVER_SPARKFUN-DISCRETESEMI_SOT23-3
Q2,117.83,-69.32,90.00,SI1308EDL-T1-GE3,SOT65P210X110-3N
Q3,57.07,-86.50,0.00,20V/4.2A/52mΩ/1.4W,ESP32_WROVER_SPARKFUN-DISCRETESEMI_SOT23-3
R1,25.72,-69.20,0.00,10K,ESP32_WROVER_EAGLE-LTSPICE_R0402
R10,14.43,-11.78,90.00,10K,ESP32_WROVER_EAGLE-LTSPICE_R0402
R1_BAT,133.54,-66.36,90.00,200,ESP32_WROVER_EAGLE-LTSPICE_R0402
R1_PINH,154.59,-107.95,90.00,10K,ESP32_WROVER_EAGLE-LTSPICE_R0402
R1_PINH1,80.44,-52.59,0.00,10K,ESP32_WROVER_EAGLE-LTSPICE_R0402
R1_PWRUSB,103.97,-68.30,180.00,100K,ESP32_WROVER_EAGLE-LTSPICE_R0402
R2,56.81,-90.38,0.00,2.2,ESP32_WROVER_EAGLE-LTSPICE_R0402
R2-PINH,156.55,-107.98,90.00,10K,ESP32_WROVER_EAGLE-LTSPICE_R0402
R2-PINH1,105.43,-73.28,90.00,10K,ESP32_WROVER_EAGLE-LTSPICE_R0402
R2-USB,152.54,-70.40,0.00,5k1,ESP32_WROVER_EAGLE-LTSPICE_R0402
R2-USB1,154.36,-67.55,180.00,5k1,ESP32_WROVER_EAGLE-LTSPICE_R0402
R2_BAT,101.11,-78.80,90.00,2K,ESP32_WROVER_EAGLE-LTSPICE_R0402
R3,60.36,-93.58,90.00,0.47,ESP32_WROVER_EAGLE-LTSPICE_R0402
R4,61.98,-88.43,180.00,10K,ESP32_WROVER_EAGLE-LTSPICE_R0402
R5,36.34,-65.08,90.00,10K,ESP32_WROVER_EAGLE-LTSPICE_R0402
R6,32.01,-93.68,90.00,10K,ESP32_WROVER_EAGLE-LTSPICE_R0402
R7,27.38,-94.18,90.00,10K,ESP32_WROVER_EAGLE-LTSPICE_R0402
R8,22.26,-94.40,90.00,10K,ESP32_WROVER_EAGLE-LTSPICE_R0402
R9,61.93,-75.30,90.00,10K,ESP32_WROVER_EAGLE-LTSPICE_R0402
RESET_BUTTON,48.97,-3.64,180.00,BUTTON_CUSYOMV11,MYBUTTON
R_BOOT,19.66,-4.54,180.00,10K,ESP32_WROVER_EAGLE-LTSPICE_R0402
R_CAPACITOR,88.67,-66.17,90.00,15K,ESP32_WROVER_EAGLE-LTSPICE_R0402
R_CHANGE,59.71,-3.72,90.00,10K,ESP32_WROVER_EAGLE-LTSPICE_R0402
R_CL1,65.44,-75.30,90.00,10K,ESP32_WROVER_EAGLE-LTSPICE_R0402
R_RESET,45.32,-3.36,90.00,10K,ESP32_WROVER_EAGLE-LTSPICE_R0402
SJ1,56.57,-93.73,0.00,,SJ
TP1,11.38,-39.65,0.00,TP,TP20R
TP10,24.61,-65.84,0.00,TP,TP20R
TP11,12.88,-69.06,0.00,TP,TP20R
TP12,17.01,-37.28,0.00,TP,TP20R
TP13,20.37,-37.68,0.00,TP,TP20R
TP14,152.53,-52.98,0.00,TP,TP20R
TP15,16.39,-67.98,0.00,TP,TP20R
TP16,59.78,-12.46,0.00,TP,TP20R
TP17,75.43,-81.96,0.00,TP,TP20R
TP2,12.73,-41.75,0.00,TP,TP20R
TP3,113.98,-65.45,0.00,TP,TP20R
TP4,72.78,-6.34,0.00,TP,TP20R
TP5,140.53,-54.04,0.00,TP,TP20R
TP6,7.18,-38.44,0.00,TP,TP20R
TP7,59.17,-97.84,0.00,TP,TP20R
TP8,93.07,-102.16,180.00,TP,TP20R
TP9,10.99,-36.74,0.00,TP,TP20R
U1,154.94,-101.39,90.00,ESP32_WROVER_BME680_BME680,ESP32_WROVER_BME680_PSON80P300X300X100-8N
U2,16.15,-54.56,90.00,ESP32-C6-WROOM-1-N8,XCVR_ESP32-C6-WROOM-1-N8
U3,120.19,-64.62,0.00,MAX17048G+T10,SON50P200X200X80-9N
U4,79.99,-61.16,270.00,DS3231SN#,SOIC127P1032X265-16N
U5,40.68,-57.56,0.00,W25Q512JVEIQ,SON127P600X800X80-9N
U6,108.21,-67.24,90.00,ESP32_WROVER_SPARKFUN-IC-POWER_MCP73831,ESP32_WROVER_SPARKFUN-IC-POWER_SOT23-5
